Year,Rank,San Diego County Underlying Cause of Death,San Diego County Deaths,San Diego County Percent Deaths,Central Region Underlying Cause of Death,Central Region Deaths,Central Region Percent Deaths,East Region Underlying Cause of Death,East Region Deaths,East Region Percent Deaths,North Central Region Underlying Cause of Death,North Central Region Deaths,North Central Region Percent Deaths,North Coastal Region Underlying Cause of Death,North Coastal Region Deaths,North Coastal Region Percent Deaths,North Inland Region Underlying Cause of Death,North Inland Region Deaths,North Inland Region Percent Deaths,South Region Underlying Cause of Death,South Region Deaths,South Region Percent Deaths,District 1 Underlying Cause of Death,District 1 Deaths,District 1 Percent Deaths,District 2 Underlying Cause of Death,District 2 Deaths,District 2 Percent Deaths,District 3 Underlying Cause of Death,District 3 Deaths,District 3 Percent Deaths,District 4 Underlying Cause of Death,District 4 Deaths,District 4 Percent Deaths,District 5 Underlying Cause of Death,District 5 Deaths,District 5 Percent Deaths,Male_Underlying Cause of Death,Male Deaths,Male Percent Deaths,Female_Underlying Cause of Death,Female Deaths,Female Percent Deaths,White_Underlying Cause of Death,White Deaths,White Percent Deaths,Hispanic_Underlying Cause of Death,Hispanic Deaths,Hispanic Percent Deaths,Black_Underlying Cause of Death,Black Deaths,Black Percent Deaths,Asian/PI_Underlying Cause of Death,Asian/PI Deaths,Asian/PI Percent Deaths,AIAN_Underlying Cause of Death,AIAN Deaths,AIAN Percent Deaths
2011,1,Malignant Neoplasms,"4,796",24.29,Malignant Neoplasms,665,24.6,Diseases Of The Heart,933,25.22,Malignant Neoplasms,887,25.29,Diseases Of The Heart,801,24.59,Malignant Neoplasms,919,23.89,Malignant Neoplasms,705,25.85,Malignant Neoplasms,861,25.41,Diseases Of The Heart,"1,163",24.37,Malignant Neoplasms,861,24.41,Malignant Neoplasms,"1,011",24.3,Diseases Of The Heart,950,24.42,Diseases Of The Heart,"2,543",25.55,Malignant Neoplasms,"2,283",23.31,Diseases Of The Heart,"3,598",25.08,Malignant Neoplasms,724,25.4,Diseases Of The Heart,213,23.28,Malignant Neoplasms,380,28.94,Malignant Neoplasms,21,21.65%
2011,2,Diseases Of The Heart,"4,734",23.97,Diseases Of The Heart,604,22.35,Malignant Neoplasms,859,23.22,Diseases Of The Heart,829,23.64,Malignant Neoplasms,761,23.37,Diseases Of The Heart,874,22.72,Diseases Of The Heart,692,25.38,Diseases Of The Heart,834,24.61,Malignant Neoplasms,"1,146",24.01,Diseases Of The Heart,796,22.57,Diseases Of The Heart,990,23.8,Malignant Neoplasms,917,23.57,Malignant Neoplasms,"2,513",25.25,Diseases Of The Heart,"2,191",22.37,Malignant Neoplasms,"3,407",23.75,Diseases Of The Heart,577,20.25,Malignant Neoplasms,209,22.84,Diseases Of The Heart,282,21.48,Diseases Of The Heart,18,18.56%
2011,3,Alzheimer's Disease,"1,217",6.16,Accidents/Unintentional Injuries,157,5.81,Chronic Lower Respiratory Diseases,226,6.11,Alzheimer's Disease,221,6.3,Alzheimer's Disease,256,7.86,Alzheimer's Disease,293,7.62,Alzheimer's Disease,147,5.39,Alzheimer's Disease,176,5.19,Chronic Lower Respiratory Diseases,287,6.01,Alzheimer's Disease,272,7.71,Alzheimer's Disease,217,5.22,Alzheimer's Disease,289,7.43,Accidents/Unintentional Injuries,636,6.39,Alzheimer's Disease,815,8.32,Alzheimer's Disease,998,6.96,Cerebrovascular Diseases,171,6,Accidents/Unintentional Injuries,50,5.46,Cerebrovascular Diseases,86,6.55,Accidents/Unintentional Injuries,14,14.43%
2011,4,Chronic Lower Respiratory Diseases,"1,040",5.27,Cerebrovascular Diseases,138,5.11,Cerebrovascular Diseases,194,5.24,Cerebrovascular Diseases,177,5.05,Cerebrovascular Diseases,187,5.74,Chronic Lower Respiratory Diseases,229,5.95,Cerebrovascular Diseases,130,4.77,Cerebrovascular Diseases,169,4.99,Alzheimer's Disease,263,5.51,Cerebrovascular Diseases,194,5.5,Accidents/Unintentional Injuries,216,5.19,Accidents/Unintentional Injuries,216,5.55,Chronic Lower Respiratory Diseases,443,4.45,Cerebrovascular Diseases,630,6.43,Chronic Lower Respiratory Diseases,862,6.01,Accidents/Unintentional Injuries,160,5.61,Cerebrovascular Diseases,49,5.36,Diabetes Mellitus,72,5.48,Chronic Liver Disease And Cirrhosis,8,8.25%
2011,5,Cerebrovascular Diseases,"1,025",5.19,Chronic Lower Respiratory Diseases,132,4.88,Alzheimer's Disease,187,5.05,Accidents/Unintentional Injuries,161,4.59,Accidents/Unintentional Injuries,178,5.47,Accidents/Unintentional Injuries,211,5.49,Chronic Lower Respiratory Diseases,129,4.73,Chronic Lower Respiratory Diseases,156,4.6,Accidents/Unintentional Injuries,244,5.11,Chronic Lower Respiratory Diseases,189,5.36,Cerebrovascular Diseases,209,5.02,Cerebrovascular Diseases,213,5.47,Alzheimer's Disease,402,4.04,Chronic Lower Respiratory Diseases,597,6.09,Accidents/Unintentional Injuries,710,4.95,Diabetes Mellitus,139,4.88,Alzheimer's Disease,46,5.03,Chronic Lower Respiratory Diseases,59,4.49,Diabetes Mellitus,5,5.15%
2011,6,Accidents/Unintentional Injuries,"1,005",5.09,Alzheimer's Disease,113,4.18,Accidents/Unintentional Injuries,187,5.05,Chronic Lower Respiratory Diseases,156,4.45,Chronic Lower Respiratory Diseases,167,5.13,Cerebrovascular Diseases,198,5.15,Diabetes Mellitus,117,4.29,Accidents/Unintentional Injuries,152,4.49,Cerebrovascular Diseases,239,5.01,Accidents/Unintentional Injuries,176,4.99,Chronic Lower Respiratory Diseases,202,4.86,Chronic Lower Respiratory Diseases,205,5.27,Cerebrovascular Diseases,395,3.97,Accidents/Unintentional Injuries,369,3.77,Cerebrovascular Diseases,707,4.93,Alzheimer's Disease,117,4.11,Diabetes Mellitus,45,4.92,Accidents/Unintentional Injuries,53,4.04,§,§,§
2011,7,Diabetes Mellitus,580,2.94,Diabetes Mellitus,89,3.29,Diabetes Mellitus,111,3,Diabetes Mellitus,89,2.54,Diabetes Mellitus,76,2.33,Diabetes Mellitus,98,2.55,Accidents/Unintentional Injuries,110,4.03,Diabetes Mellitus,142,4.19,Diabetes Mellitus,143,3,Diabetes Mellitus,89,2.52,Diabetes Mellitus,109,2.62,Diabetes Mellitus,97,2.49,Diabetes Mellitus,299,3,Diabetes Mellitus,281,2.87,Diabetes Mellitus,309,2.15,Chronic Liver Disease And Cirrhosis,88,3.09,Chronic Lower Respiratory Diseases,43,4.7,Alzheimer's Disease,46,3.5,§,§,§
2011,8,Intentional Self-Harm (Suicide),381,1.93,Intentional Self-Harm (Suicide),66,2.44,Intentional Self-Harm (Suicide),72,1.95,Intentional Self-Harm (Suicide),71,2.02,Intentional Self-Harm (Suicide),67,2.06,Chronic Liver Disease And Cirrhosis,59,1.53,Intentional Self-Harm (Suicide),51,1.87,Intentional Self-Harm (Suicide),68,2.01,Intentional Self-Harm (Suicide),90,1.89,Influenza And Pneumonia,55,1.56,Intentional Self-Harm (Suicide),92,2.21,Intentional Self-Harm (Suicide),81,2.08,Intentional Self-Harm (Suicide),291,2.92,Essential Hypertension And Hypertensive Renal Disease,168,1.72,Intentional Self-Harm (Suicide),283,1.97,Chronic Lower Respiratory Diseases,59,2.07,Assault (Homicide),21,2.3,Influenza And Pneumonia,28,2.13,§,§,§
2011,9,Chronic Liver Disease And Cirrhosis,326,1.65,Chronic Liver Disease And Cirrhosis,64,2.37,Chronic Liver Disease And Cirrhosis,65,1.76,Influenza And Pneumonia,60,1.71,Parkinson's Disease,45,1.38,Influenza And Pneumonia,58,1.51,Chronic Liver Disease And Cirrhosis,50,1.83,Chronic Liver Disease And Cirrhosis,67,1.98,Chronic Liver Disease And Cirrhosis,80,1.68,Essential Hypertension And Hypertensive Renal Disease,53,1.5,Chronic Liver Disease And Cirrhosis,78,1.88,Influenza And Pneumonia,55,1.41,Chronic Liver Disease And Cirrhosis,205,2.06,Influenza And Pneumonia,148,1.51,Influenza And Pneumonia,216,1.51,Influenza And Pneumonia,53,1.86,Intentional Self-Harm (Suicide),20,2.19,Intentional Self-Harm (Suicide),21,1.6,§,§,§
2011,10,Influenza And Pneumonia,310,1.57,Influenza And Pneumonia,48,1.78,Influenza And Pneumonia,63,1.7,Essential Hypertension And Hypertensive Renal Disease,47,1.34,Essential Hypertension And Hypertensive Renal Disease,44,1.35,Essential Hypertension And Hypertensive Renal Disease,58,1.51,Influenza And Pneumonia,39,1.43,Influenza And Pneumonia,48,1.42,Influenza And Pneumonia,77,1.61,Intentional Self-Harm (Suicide),50,1.42,Influenza And Pneumonia,75,1.8,Essential Hypertension And Hypertensive Renal Disease,54,1.39,Influenza And Pneumonia,162,1.63,Chronic Liver Disease And Cirrhosis,121,1.24,Chronic Liver Disease And Cirrhosis,200,1.39,Intentional Self-Harm (Suicide),46,1.61,Chronic Liver Disease And Cirrhosis,16,1.75,Essential Hypertension And Hypertensive Renal Disease,19,1.45,§,§,§
2011,11,Essential Hypertension And Hypertensive Renal Disease,267,1.35,Essential Hypertension And Hypertensive Renal Disease,35,1.29,Essential Hypertension And Hypertensive Renal Disease,52,1.41,Chronic Liver Disease And Cirrhosis,46,1.31,Chronic Liver Disease And Cirrhosis,42,1.29,Intentional Self-Harm (Suicide),54,1.4,Essential Hypertension And Hypertensive Renal Disease,31,1.14,Viral Hepatitis,40,1.18,Essential Hypertension And Hypertensive Renal Disease,62,1.3,Chronic Liver Disease And Cirrhosis,50,1.42,Essential Hypertension And Hypertensive Renal Disease,60,1.44,Chronic Liver Disease And Cirrhosis,51,1.31,Parkinson's Disease,113,1.14,Parkinson's Disease,96,0.98,Essential Hypertension And Hypertensive Renal Disease,196,1.37,Certain Conditions Originating In The Perinatal Period,45,1.58,Essential Hypertension And Hypertensive Renal Disease,15,1.64,Pneumonitis Due To Solids And Liquids,14,1.07,§,§,§
2011,12,Parkinson's Disease,209,1.06,Human Immunodeficiency Virus (HIV) Disease,26,0.96,Parkinson's Disease,39,1.05,Parkinson's Disease,38,1.08,Influenza And Pneumonia,42,1.29,Parkinson's Disease,48,1.25,Septicemia,31,1.14,Essential Hypertension And Hypertensive Renal Disease,38,1.12,Parkinson's Disease,52,1.09,Parkinson's Disease,45,1.28,Septicemia,36,0.87,Parkinson's Disease,49,1.26,Essential Hypertension And Hypertensive Renal Disease,99,0.99,Intentional Self-Harm (Suicide),90,0.92,Parkinson's Disease,176,1.23,Viral Hepatitis,39,1.37,Influenza And Pneumonia,8,0.87,"In Situ Neoplasms, Benign Neoplasms And Neoplasms Of Uncertain Or Unknown Behavior",12,0.91,§,§,§
2011,13,Pneumonitis Due To Solids And Liquids,147,0.74,Assault (Homicide),23,0.85,Pneumonitis Due To Solids And Liquids,25,0.68,Pneumonitis Due To Solids And Liquids,34,0.97,Pneumonitis Due To Solids And Liquids,26,0.8,Pneumonitis Due To Solids And Liquids,28,0.73,Viral Hepatitis,31,1.14,Septicemia,34,1,Pneumonitis Due To Solids And Liquids,35,0.73,Pneumonitis Due To Solids And Liquids,23,0.65,Parkinson's Disease,35,0.84,Pneumonitis Due To Solids And Liquids,34,0.87,Viral Hepatitis,80,0.8,Pneumonitis Due To Solids And Liquids,82,0.84,Pneumonitis Due To Solids And Liquids,107,0.75,"Congenital Malformations, Deformations And Chromosomal Abnormalities",36,1.26,Human Immunodeficiency Virus (HIV) Disease,8,0.87,Assault (Homicide),11,0.84,§,§,§
2011,14,Septicemia,128,0.65,"Nephritis, Nephrotic Syndrome And Nephrosis",21,0.78,Septicemia,21,0.57,Septicemia,31,0.88,Certain Conditions Originating In The Perinatal Period,21,0.64,Atherosclerosis,24,0.62,Parkinson's Disease,24,0.88,Parkinson's Disease,28,0.83,"Nephritis, Nephrotic Syndrome And Nephrosis",32,0.67,"In Situ Neoplasms, Benign Neoplasms And Neoplasms Of Uncertain Or Unknown Behavior",23,0.65,Pneumonitis Due To Solids And Liquids,34,0.82,Certain Conditions Originating In The Perinatal Period,27,0.69,"Nephritis, Nephrotic Syndrome And Nephrosis",66,0.66,Septicemia,71,0.72,Septicemia,93,0.65,Essential Hypertension And Hypertensive Renal Disease,32,1.12,Viral Hepatitis,8,0.87,Septicemia,10,0.76,§,§,§
2011,15,Viral Hepatitis,112,0.57,Pneumonitis Due To Solids And Liquids,20,0.74,Viral Hepatitis,19,0.51,"In Situ Neoplasms, Benign Neoplasms And Neoplasms Of Uncertain Or Unknown Behavior",29,0.83,"In Situ Neoplasms, Benign Neoplasms And Neoplasms Of Uncertain Or Unknown Behavior",19,0.58,"Nephritis, Nephrotic Syndrome And Nephrosis",22,0.57,"Congenital Malformations, Deformations And Chromosomal Abnormalities",21,0.77,"Congenital Malformations, Deformations And Chromosomal Abnormalities",23,0.68,"In Situ Neoplasms, Benign Neoplasms And Neoplasms Of Uncertain Or Unknown Behavior",25,0.52,Septicemia,18,0.51,"Nephritis, Nephrotic Syndrome And Nephrosis",26,0.63,"Congenital Malformations, Deformations And Chromosomal Abnormalities",26,0.67,Assault (Homicide),65,0.65,"Congenital Malformations, Deformations And Chromosomal Abnormalities",51,0.52,"In Situ Neoplasms, Benign Neoplasms And Neoplasms Of Uncertain Or Unknown Behavior",84,0.59,Assault (Homicide),30,1.05,Septicemia,7,0.77,Certain Conditions Originating In The Perinatal Period,10,0.76,§,§,§
2011,16,All other causes (not rankable),"3,471",17.58,All other causes (not rankable),502,18.57,All other causes (not rankable),647,17.49,All other causes (not rankable),631,17.99,All other causes (not rankable),525,16.12,All other causes (not rankable),673,17.5,All other causes (not rankable),419,15.36,All other causes (not rankable),553,16.32,All other causes (not rankable),835,17.49,All other causes (not rankable),633,17.95,All other causes (not rankable),770,18.51,All other causes (not rankable),627,16.11,All other causes (not rankable),"1,641",16.49,All other causes (not rankable),"1,802",18.4,All other causes (not rankable),"2,398",16.72,All other causes (not rankable),534,18.74,All other causes (not rankable),157,17.16,All other causes (not rankable),210,15.99,All other causes (not rankable),31,31.96%
2012,1,Malignant Neoplasms,"4,929",24.89,Diseases Of The Heart,655,24.35,Malignant Neoplasms,882,24.21,Malignant Neoplasms,985,28.13,Malignant Neoplasms,835,24.8,Malignant Neoplasms,925,23.97,Diseases Of The Heart,689,25.25,Diseases Of The Heart,864,25.59,Malignant Neoplasms,"1,161",24.7,Malignant Neoplasms,870,24.02,Malignant Neoplasms,"1,062",25.7,Malignant Neoplasms,"1,026",25.93,Malignant Neoplasms,"2,556",25.34,Malignant Neoplasms,"2,373",24.43,Malignant Neoplasms,"3,509",24.44,Malignant Neoplasms,702,24.09,Malignant Neoplasms,226,25.98,Malignant Neoplasms,402,30.13,Diseases Of The Heart,18,19.78%
2012,2,Diseases Of The Heart,"4,587",23.17,Malignant Neoplasms,649,24.13,Diseases Of The Heart,859,23.58,Diseases Of The Heart,787,22.48,Diseases Of The Heart,783,23.26,Diseases Of The Heart,810,20.99,Malignant Neoplasms,652,23.89,Malignant Neoplasms,809,23.96,Diseases Of The Heart,"1,081",23,Diseases Of The Heart,793,21.89,Diseases Of The Heart,950,22.99,Diseases Of The Heart,895,22.62,Diseases Of The Heart,"2,476",24.55,Diseases Of The Heart,"2,111",21.73,Diseases Of The Heart,"3,411",23.76,Diseases Of The Heart,578,19.84,Diseases Of The Heart,215,24.71,Diseases Of The Heart,326,24.44,Malignant Neoplasms,16,17.58%
2012,3,Alzheimer's Disease,"1,160",5.86,Accidents/Unintentional Injuries,146,5.43,Chronic Lower Respiratory Diseases,224,6.15,Alzheimer's Disease,201,5.74,Alzheimer's Disease,258,7.66,Alzheimer's Disease,276,7.15,Cerebrovascular Diseases,140,5.13,Cerebrovascular Diseases,174,5.15,Chronic Lower Respiratory Diseases,277,5.89,Alzheimer's Disease,257,7.1,Accidents/Unintentional Injuries,221,5.35,Alzheimer's Disease,276,6.97,Accidents/Unintentional Injuries,616,6.11,Alzheimer's Disease,758,7.8,Alzheimer's Disease,958,6.67,Diabetes Mellitus,168,5.77,Cerebrovascular Diseases,45,5.17,Cerebrovascular Diseases,97,7.27,Accidents/Unintentional Injuries,12,13.19%
2012,4,Chronic Lower Respiratory Diseases,"1,021",5.16,Cerebrovascular Diseases,127,4.72,Accidents/Unintentional Injuries,204,5.6,Accidents/Unintentional Injuries,166,4.74,Cerebrovascular Diseases,187,5.55,Chronic Lower Respiratory Diseases,250,6.48,Alzheimer's Disease,133,4.87,Diabetes Mellitus,159,4.71,Alzheimer's Disease,261,5.55,Chronic Lower Respiratory Diseases,199,5.49,Alzheimer's Disease,217,5.25,Chronic Lower Respiratory Diseases,239,6.04,Chronic Lower Respiratory Diseases,472,4.68,Cerebrovascular Diseases,600,6.18,Chronic Lower Respiratory Diseases,875,6.1,Cerebrovascular Diseases,159,5.46,Accidents/Unintentional Injuries,40,4.6,Diabetes Mellitus,64,4.8,Diabetes Mellitus,9,9.89%
2012,5,Cerebrovascular Diseases,998,5.04,Alzheimer's Disease,106,3.94,Alzheimer's Disease,186,5.11,Cerebrovascular Diseases,159,4.54,Chronic Lower Respiratory Diseases,184,5.46,Cerebrovascular Diseases,205,5.31,Diabetes Mellitus,127,4.65,Alzheimer's Disease,149,4.41,Accidents/Unintentional Injuries,247,5.25,Cerebrovascular Diseases,178,4.91,Cerebrovascular Diseases,199,4.81,Cerebrovascular Diseases,221,5.59,Alzheimer's Disease,402,3.99,Chronic Lower Respiratory Diseases,549,5.65,Accidents/Unintentional Injuries,691,4.81,Accidents/Unintentional Injuries,149,5.11,Diabetes Mellitus,38,4.37,Accidents/Unintentional Injuries,57,4.27,Chronic Liver Disease And Cirrhosis,7,7.69%
2012,6,Accidents/Unintentional Injuries,962,4.86,Diabetes Mellitus,106,3.94,Cerebrovascular Diseases,180,4.94,Chronic Lower Respiratory Diseases,156,4.46,Accidents/Unintentional Injuries,159,4.72,Accidents/Unintentional Injuries,183,4.74,Chronic Lower Respiratory Diseases,108,3.96,Chronic Lower Respiratory Diseases,132,3.91,Cerebrovascular Diseases,226,4.81,Accidents/Unintentional Injuries,175,4.83,Chronic Lower Respiratory Diseases,173,4.19,Accidents/Unintentional Injuries,190,4.8,Cerebrovascular Diseases,398,3.95,Accidents/Unintentional Injuries,346,3.56,Cerebrovascular Diseases,685,4.77,Alzheimer's Disease,116,3.98,Alzheimer's Disease,33,3.79,Alzheimer's Disease,46,3.45,Chronic Lower Respiratory Diseases,6,6.59%
2012,7,Diabetes Mellitus,648,3.27,Chronic Lower Respiratory Diseases,98,3.64,Diabetes Mellitus,125,3.43,Diabetes Mellitus,88,2.51,Diabetes Mellitus,94,2.79,Diabetes Mellitus,108,2.8,Accidents/Unintentional Injuries,101,3.7,Accidents/Unintentional Injuries,126,3.73,Diabetes Mellitus,156,3.32,Diabetes Mellitus,94,2.6,Diabetes Mellitus,123,2.98,Diabetes Mellitus,116,2.93,Diabetes Mellitus,352,3.49,Diabetes Mellitus,296,3.05,Diabetes Mellitus,363,2.53,Chronic Liver Disease And Cirrhosis,98,3.36,Chronic Lower Respiratory Diseases,31,3.56,Chronic Lower Respiratory Diseases,33,2.47,§,§,§
2012,8,Intentional Self-Harm (Suicide),405,2.05,Intentional Self-Harm (Suicide),69,2.57,Essential Hypertension And Hypertensive Renal Disease,66,1.81,Intentional Self-Harm (Suicide),84,2.4,Intentional Self-Harm (Suicide),79,2.35,Intentional Self-Harm (Suicide),76,1.97,Chronic Liver Disease And Cirrhosis,50,1.83,Chronic Liver Disease And Cirrhosis,68,2.01,Intentional Self-Harm (Suicide),86,1.83,Intentional Self-Harm (Suicide),76,2.1,Intentional Self-Harm (Suicide),99,2.4,Intentional Self-Harm (Suicide),94,2.38,Intentional Self-Harm (Suicide),304,3.01,Essential Hypertension And Hypertensive Renal Disease,206,2.12,Intentional Self-Harm (Suicide),302,2.1,Chronic Lower Respiratory Diseases,63,2.16,Assault (Homicide),24,2.76,Influenza And Pneumonia,26,1.95,§,§,§
2012,9,Chronic Liver Disease And Cirrhosis,352,1.78,Chronic Liver Disease And Cirrhosis,63,2.34,Intentional Self-Harm (Suicide),60,1.65,Parkinson's Disease,64,1.83,Essential Hypertension And Hypertensive Renal Disease,66,1.96,Chronic Liver Disease And Cirrhosis,68,1.76,Influenza And Pneumonia,41,1.5,Intentional Self-Harm (Suicide),50,1.48,Essential Hypertension And Hypertensive Renal Disease,81,1.72,Parkinson's Disease,67,1.85,Chronic Liver Disease And Cirrhosis,86,2.08,Chronic Liver Disease And Cirrhosis,75,1.9,Chronic Liver Disease And Cirrhosis,227,2.25,Influenza And Pneumonia,160,1.65,Essential Hypertension And Hypertensive Renal Disease,238,1.66,Intentional Self-Harm (Suicide),53,1.82,Essential Hypertension And Hypertensive Renal Disease,18,2.07,Intentional Self-Harm (Suicide),22,1.65,§,§,§
2012,10,Essential Hypertension And Hypertensive Renal Disease,329,1.66,Influenza And Pneumonia,44,1.64,Chronic Liver Disease And Cirrhosis,57,1.56,Influenza And Pneumonia,62,1.77,Chronic Liver Disease And Cirrhosis,58,1.72,Parkinson's Disease,65,1.68,Essential Hypertension And Hypertensive Renal Disease,38,1.39,Essential Hypertension And Hypertensive Renal Disease,49,1.45,Chronic Liver Disease And Cirrhosis,73,1.55,Essential Hypertension And Hypertensive Renal Disease,61,1.68,Influenza And Pneumonia,76,1.84,Essential Hypertension And Hypertensive Renal Disease,69,1.74,Parkinson's Disease,163,1.62,Chronic Liver Disease And Cirrhosis,125,1.29,Parkinson's Disease,227,1.58,Assault (Homicide),51,1.75,Certain Conditions Originating In The Perinatal Period,14,1.61,Essential Hypertension And Hypertensive Renal Disease,19,1.42,§,§,§
2012,11,Influenza And Pneumonia,302,1.53,Essential Hypertension And Hypertensive Renal Disease,43,1.6,Influenza And Pneumonia,48,1.32,Essential Hypertension And Hypertensive Renal Disease,57,1.63,Parkinson's Disease,51,1.51,Influenza And Pneumonia,63,1.63,Intentional Self-Harm (Suicide),37,1.36,Influenza And Pneumonia,49,1.45,Parkinson's Disease,63,1.34,Influenza And Pneumonia,52,1.44,Essential Hypertension And Hypertensive Renal Disease,69,1.67,Influenza And Pneumonia,64,1.62,Influenza And Pneumonia,142,1.41,Intentional Self-Harm (Suicide),101,1.04,Chronic Liver Disease And Cirrhosis,225,1.57,Essential Hypertension And Hypertensive Renal Disease,45,1.54,Influenza And Pneumonia,14,1.61,Chronic Liver Disease And Cirrhosis,11,0.82,§,§,§
2012,12,Parkinson's Disease,262,1.32,Assault (Homicide),36,1.34,Parkinson's Disease,41,1.13,Chronic Liver Disease And Cirrhosis,56,1.6,Influenza And Pneumonia,44,1.31,Essential Hypertension And Hypertensive Renal Disease,59,1.53,Parkinson's Disease,32,1.17,Assault (Homicide),41,1.21,Influenza And Pneumonia,61,1.3,Chronic Liver Disease And Cirrhosis,50,1.38,Parkinson's Disease,46,1.11,Parkinson's Disease,51,1.29,Essential Hypertension And Hypertensive Renal Disease,123,1.22,Parkinson's Disease,99,1.02,Influenza And Pneumonia,214,1.49,Influenza And Pneumonia,44,1.51,Intentional Self-Harm (Suicide),13,1.49,Viral Hepatitis,10,0.75,§,§,§
2013,7,Diabetes Mellitus,614,3.01,Diabetes Mellitus,83,2.97,Diabetes Mellitus,120,3.18,Diabetes Mellitus,90,2.49,Diabetes Mellitus,97,2.85,Diabetes Mellitus,113,2.8,Diabetes Mellitus,111,4.03,Diabetes Mellitus,136,3.96,Diabetes Mellitus,144,2.93,Diabetes Mellitus,100,2.67,Intentional Self-Harm (Suicide),112,2.6,Diabetes Mellitus,123,3.09,Intentional Self-Harm (Suicide),318,3.04,Diabetes Mellitus,296,2.98,Diabetes Mellitus,345,2.35,Chronic Liver Disease And Cirrhosis,90,2.97,Alzheimer's Disease,34,3.68,Accidents/Unintentional Injuries,47,3.35,§,§,§
2012,13,Pneumonitis Due To Solids And Liquids,148,0.75,Viral Hepatitis,29,1.08,Septicemia,21,0.58,Pneumonitis Due To Solids And Liquids,27,0.77,Pneumonitis Due To Solids And Liquids,29,0.86,Pneumonitis Due To Solids And Liquids,29,0.75,Septicemia,27,0.99,Parkinson's Disease,35,1.04,Pneumonitis Due To Solids And Liquids,26,0.55,Pneumonitis Due To Solids And Liquids,32,0.88,Pneumonitis Due To Solids And Liquids,35,0.85,"In Situ Neoplasms, Benign Neoplasms And Neoplasms Of Uncertain Or Unknown Behavior",30,0.76,Assault (Homicide),88,0.87,Pneumonitis Due To Solids And Liquids,81,0.83,Pneumonitis Due To Solids And Liquids,121,0.84,Certain Conditions Originating In The Perinatal Period,41,1.41,Viral Hepatitis,12,1.38,Septicemia,8,0.6,§,§,§
2012,14,Septicemia,129,0.65,Septicemia,26,0.97,Viral Hepatitis,20,0.55,"In Situ Neoplasms, Benign Neoplasms And Neoplasms Of Uncertain Or Unknown Behavior",21,0.6,"In Situ Neoplasms, Benign Neoplasms And Neoplasms Of Uncertain Or Unknown Behavior",24,0.71,"In Situ Neoplasms, Benign Neoplasms And Neoplasms Of Uncertain Or Unknown Behavior",26,0.67,Viral Hepatitis,24,0.88,Septicemia,34,1.01,Septicemia,26,0.55,"In Situ Neoplasms, Benign Neoplasms And Neoplasms Of Uncertain Or Unknown Behavior",26,0.72,Viral Hepatitis,35,0.85,Pneumonitis Due To Solids And Liquids,28,0.71,Viral Hepatitis,83,0.82,"In Situ Neoplasms, Benign Neoplasms And Neoplasms Of Uncertain Or Unknown Behavior",63,0.65,"In Situ Neoplasms, Benign Neoplasms And Neoplasms Of Uncertain Or Unknown Behavior",92,0.64,Viral Hepatitis,33,1.13,Chronic Liver Disease And Cirrhosis,10,1.15,"Nephritis, Nephrotic Syndrome And Nephrosis",8,0.6,§,§,§
2012,15,"In Situ Neoplasms, Benign Neoplasms And Neoplasms Of Uncertain Or Unknown Behavior",124,0.63,Pneumonitis Due To Solids And Liquids,24,0.89,Pneumonitis Due To Solids And Liquids,19,0.52,Septicemia,19,0.54,"Nephritis, Nephrotic Syndrome And Nephrosis",17,0.5,Septicemia,24,0.62,Assault (Homicide),23,0.84,Viral Hepatitis,29,0.86,"Nephritis, Nephrotic Syndrome And Nephrosis",26,0.55,Septicemia,21,0.58,Septicemia,32,0.77,"Nephritis, Nephrotic Syndrome And Nephrosis",22,0.56,Septicemia,73,0.72,Septicemia,56,0.58,Septicemia,85,0.59,Septicemia,30,1.03,"Nephritis, Nephrotic Syndrome And Nephrosis",7,0.8,"In Situ Neoplasms, Benign Neoplasms And Neoplasms Of Uncertain Or Unknown Behavior",8,0.6,§,§,§
2012,16,All other causes (not rankable),"3,444",17.39,All other causes (not rankable),469,17.43,All other causes (not rankable),651,17.87,All other causes (not rankable),569,16.25,All other causes (not rankable),499,14.82,All other causes (not rankable),692,17.93,All other causes (not rankable),507,18.58,All other causes (not rankable),608,18.01,All other causes (not rankable),850,18.08,All other causes (not rankable),671,18.53,All other causes (not rankable),710,17.18,All other causes (not rankable),561,14.18,All other causes (not rankable),"1,611",15.97,All other causes (not rankable),"1,790",18.43,All other causes (not rankable),"2,359",16.43,All other causes (not rankable),584,20.04,All other causes (not rankable),130,14.94,All other causes (not rankable),197,14.77,All other causes (not rankable),23,25.27%
2013,1,Malignant Neoplasms,"5,010",24.57,Diseases Of The Heart,709,25.38,Malignant Neoplasms,903,23.92,Malignant Neoplasms,898,24.85,Malignant Neoplasms,864,25.42,Malignant Neoplasms,"1,060",26.24,Diseases Of The Heart,709,25.73,Diseases Of The Heart,902,26.29,Malignant Neoplasms,"1,191",24.27,Malignant Neoplasms,"1,008",26.88,Diseases Of The Heart,"1,093",25.4,Malignant Neoplasms,"1,025",25.73,Malignant Neoplasms,"2,662",25.47,Malignant Neoplasms,"2,348",23.62,Malignant Neoplasms,"3,605",24.55,Malignant Neoplasms,716,23.65,Diseases Of The Heart,256,27.74,Malignant Neoplasms,409,29.19,Diseases Of The Heart,22,24.18%
2013,2,Diseases Of The Heart,"4,778",23.43,Malignant Neoplasms,594,21.27,Diseases Of The Heart,871,23.07,Diseases Of The Heart,854,23.64,Diseases Of The Heart,746,21.95,Diseases Of The Heart,889,22.01,Malignant Neoplasms,690,25.04,Malignant Neoplasms,836,24.37,Diseases Of The Heart,"1,128",22.98,Diseases Of The Heart,752,20.05,Malignant Neoplasms,949,22.05,Diseases Of The Heart,903,22.67,Diseases Of The Heart,"2,533",24.24,Diseases Of The Heart,"2,245",22.59,Diseases Of The Heart,"3,496",23.81,Diseases Of The Heart,642,21.2,Malignant Neoplasms,201,21.78,Diseases Of The Heart,320,22.84,Malignant Neoplasms,19,20.88%
2013,3,Alzheimer's Disease,"1,279",6.27,Cerebrovascular Diseases,153,5.48,Alzheimer's Disease,248,6.57,Alzheimer's Disease,214,5.92,Alzheimer's Disease,265,7.8,Alzheimer's Disease,273,6.76,Cerebrovascular Diseases,159,5.77,Cerebrovascular Diseases,194,5.65,Alzheimer's Disease,308,6.28,Alzheimer's Disease,281,7.49,Alzheimer's Disease,236,5.48,Alzheimer's Disease,283,7.11,Accidents/Unintentional Injuries,663,6.34,Alzheimer's Disease,837,8.42,Alzheimer's Disease,"1,055",7.18,Accidents/Unintentional Injuries,196,6.47,Accidents/Unintentional Injuries,52,5.63,Cerebrovascular Diseases,107,7.64,Chronic Liver Disease And Cirrhosis,7,7.69%
2013,4,Cerebrovascular Diseases,"1,109",5.44,Accidents/Unintentional Injuries,152,5.44,Chronic Lower Respiratory Diseases,235,6.23,Cerebrovascular Diseases,185,5.12,Cerebrovascular Diseases,190,5.59,Chronic Lower Respiratory Diseases,226,5.6,Alzheimer's Disease,150,5.44,Alzheimer's Disease,171,4.98,Chronic Lower Respiratory Diseases,292,5.95,Cerebrovascular Diseases,206,5.49,Accidents/Unintentional Injuries,221,5.14,Cerebrovascular Diseases,228,5.72,Chronic Lower Respiratory Diseases,496,4.75,Cerebrovascular Diseases,614,6.18,Chronic Lower Respiratory Diseases,895,6.09,Cerebrovascular Diseases,182,6.01,Diabetes Mellitus,45,4.88,Diabetes Mellitus,67,4.78,Chronic Lower Respiratory Diseases,7,7.69%
2013,5,Chronic Lower Respiratory Diseases,"1,090",5.35,Chronic Lower Respiratory Diseases,144,5.16,Cerebrovascular Diseases,200,5.3,Accidents/Unintentional Injuries,178,4.93,Chronic Lower Respiratory Diseases,169,4.97,Cerebrovascular Diseases,221,5.47,Chronic Lower Respiratory Diseases,140,5.08,Chronic Lower Respiratory Diseases,169,4.93,Accidents/Unintentional Injuries,267,5.44,Chronic Lower Respiratory Diseases,195,5.2,Chronic Lower Respiratory Diseases,218,5.07,Chronic Lower Respiratory Diseases,215,5.4,Cerebrovascular Diseases,495,4.74,Chronic Lower Respiratory Diseases,594,5.98,Cerebrovascular Diseases,759,5.17,Diabetes Mellitus,143,4.72,Cerebrovascular Diseases,44,4.77,Chronic Lower Respiratory Diseases,55,3.93,Diabetes Mellitus,7,7.69%
2013,6,Accidents/Unintentional Injuries,"1,004",4.92,Alzheimer's Disease,129,4.62,Accidents/Unintentional Injuries,192,5.09,Chronic Lower Respiratory Diseases,175,4.84,Accidents/Unintentional Injuries,166,4.88,Accidents/Unintentional Injuries,188,4.65,Accidents/Unintentional Injuries,125,4.54,Accidents/Unintentional Injuries,165,4.81,Cerebrovascular Diseases,263,5.36,Accidents/Unintentional Injuries,159,4.24,Cerebrovascular Diseases,217,5.04,Accidents/Unintentional Injuries,189,4.75,Alzheimer's Disease,442,4.23,Accidents/Unintentional Injuries,341,3.43,Accidents/Unintentional Injuries,687,4.68,Alzheimer's Disease,125,4.13,Chronic Lower Respiratory Diseases,37,4.01,Alzheimer's Disease,52,3.71,Accidents/Unintentional Injuries,5,5.49%
2013,8,Intentional Self-Harm (Suicide),427,2.09,Intentional Self-Harm (Suicide),70,2.51,Chronic Liver Disease And Cirrhosis,68,1.8,Intentional Self-Harm (Suicide),86,2.38,Intentional Self-Harm (Suicide),86,2.53,Intentional Self-Harm (Suicide),77,1.91,Chronic Liver Disease And Cirrhosis,47,1.71,Chronic Liver Disease And Cirrhosis,58,1.69,Intentional Self-Harm (Suicide),89,1.81,Intentional Self-Harm (Suicide),71,1.89,Diabetes Mellitus,111,2.58,Intentional Self-Harm (Suicide),99,2.49,Diabetes Mellitus,318,3.04,Essential Hypertension And Hypertensive Renal Disease,197,1.98,Intentional Self-Harm (Suicide),315,2.15,Chronic Lower Respiratory Diseases,79,2.61,Essential Hypertension And Hypertensive Renal Disease,26,2.82,Intentional Self-Harm (Suicide),28,2,§,§,§
2013,9,Influenza And Pneumonia,333,1.63,Essential Hypertension And Hypertensive Renal Disease,50,1.79,Intentional Self-Harm (Suicide),66,1.75,Influenza And Pneumonia,69,1.91,Influenza And Pneumonia,59,1.74,Essential Hypertension And Hypertensive Renal Disease,67,1.66,Influenza And Pneumonia,43,1.56,Influenza And Pneumonia,55,1.6,Chronic Liver Disease And Cirrhosis,85,1.73,Influenza And Pneumonia,68,1.81,Essential Hypertension And Hypertensive Renal Disease,77,1.79,Influenza And Pneumonia,67,1.68,Chronic Liver Disease And Cirrhosis,227,2.17,Influenza And Pneumonia,160,1.61,Influenza And Pneumonia,245,1.67,Influenza And Pneumonia,52,1.72,Assault (Homicide),20,2.17,Essential Hypertension And Hypertensive Renal Disease,24,1.71,§,§,§
2013,10,Essential Hypertension And Hypertensive Renal Disease,324,1.59,Influenza And Pneumonia,48,1.72,Essential Hypertension And Hypertensive Renal Disease,62,1.64,Essential Hypertension And Hypertensive Renal Disease,56,1.55,Essential Hypertension And Hypertensive Renal Disease,53,1.56,Influenza And Pneumonia,62,1.54,Intentional Self-Harm (Suicide),40,1.45,Intentional Self-Harm (Suicide),54,1.57,Essential Hypertension And Hypertensive Renal Disease,75,1.53,Essential Hypertension And Hypertensive Renal Disease,60,1.6,Influenza And Pneumonia,76,1.77,Essential Hypertension And Hypertensive Renal Disease,65,1.63,Influenza And Pneumonia,173,1.66,Intentional Self-Harm (Suicide),109,1.1,Essential Hypertension And Hypertensive Renal Disease,222,1.51,Certain Conditions Originating In The Perinatal Period,50,1.65,Intentional Self-Harm (Suicide),14,1.52,Parkinson's Disease,22,1.57,§,§,§
2013,11,Chronic Liver Disease And Cirrhosis,319,1.56,Chronic Liver Disease And Cirrhosis,44,1.58,Influenza And Pneumonia,52,1.38,Chronic Liver Disease And Cirrhosis,47,1.3,Chronic Liver Disease And Cirrhosis,53,1.56,Parkinson's Disease,60,1.49,Essential Hypertension And Hypertensive Renal Disease,36,1.31,Essential Hypertension And Hypertensive Renal Disease,47,1.37,Influenza And Pneumonia,67,1.37,Parkinson's Disease,59,1.57,Chronic Liver Disease And Cirrhosis,66,1.53,Chronic Liver Disease And Cirrhosis,62,1.56,Parkinson's Disease,149,1.43,Parkinson's Disease,97,0.98,Chronic Liver Disease And Cirrhosis,195,1.33,Intentional Self-Harm (Suicide),49,1.62,Chronic Liver Disease And Cirrhosis,10,1.08,Influenza And Pneumonia,21,1.5,§,§,§
2013,12,Parkinson's Disease,246,1.21,Assault (Homicide),27,0.97,Parkinson's Disease,46,1.22,Parkinson's Disease,44,1.22,Parkinson's Disease,44,1.29,Chronic Liver Disease And Cirrhosis,59,1.46,Parkinson's Disease,29,1.05,Parkinson's Disease,31,0.9,Parkinson's Disease,67,1.37,Chronic Liver Disease And Cirrhosis,47,1.25,Parkinson's Disease,42,0.98,Parkinson's Disease,47,1.18,Essential Hypertension And Hypertensive Renal Disease,127,1.22,Chronic Liver Disease And Cirrhosis,92,0.93,Parkinson's Disease,193,1.31,Essential Hypertension And Hypertensive Renal Disease,47,1.55,Viral Hepatitis,10,1.08,Chronic Liver Disease And Cirrhosis,15,1.07,§,§,§
2013,13,Pneumonitis Due To Solids And Liquids,129,0.63,Viral Hepatitis,26,0.93,Certain Conditions Originating In The Perinatal Period,28,0.74,Septicemia,27,0.75,Pneumonitis Due To Solids And Liquids,30,0.88,Pneumonitis Due To Solids And Liquids,25,0.62,Septicemia,22,0.8,Septicemia,29,0.85,Certain Conditions Originating In The Perinatal Period,34,0.69,"In Situ Neoplasms, Benign Neoplasms And Neoplasms Of Uncertain Or Unknown Beha",28,0.75,Viral Hepatitis,33,0.77,Pneumonitis Due To Solids And Liquids,31,0.78,Pneumonitis Due To Solids And Liquids,70,0.67,Pneumonitis Due To Solids And Liquids,59,0.59,Pneumonitis Due To Solids And Liquids,96,0.65,Viral Hepatitis,36,1.19,Human Immunodeficiency Virus (Hiv) Disease,7,0.76,Septicemia,13,0.93,§,§,§
2013,14,Septicemia,113,0.55,Human Immunodeficiency Virus (Hiv) Disease,26,0.93,Viral Hepatitis,20,0.53,Pneumonitis Due To Solids And Liquids,21,0.58,"Nephritis, Nephrotic Syndrome And Nephrosis",20,0.59,"Congenital Malformations, Deformations And Chromosomal Abnormalities",23,0.57,Viral Hepatitis,19,0.69,Viral Hepatitis,22,0.64,Viral Hepatitis,29,0.59,Pneumonitis Due To Solids And Liquids,24,0.64,Septicemia,29,0.67,Aortic Aneurysm And Dissection,21,0.53,Viral Hepatitis,70,0.67,Septicemia,56,0.56,Aortic Aneurysm And Dissection,68,0.46,Septicemia,31,1.02,Certain Conditions Originating In The Perinatal Period,6,0.65,"In Situ Neoplasms, Benign Neoplasms And Neoplasms Of Uncertain Or Unknown Beha",11,0.79,§,§,§
2013,15,Viral Hepatitis,113,0.55,Parkinson's Disease,23,0.82,Pneumonitis Due To Solids And Liquids,19,0.5,Certain Conditions Originating In The Perinatal Period,18,0.5,Aortic Aneurysm And Dissection,20,0.59,Viral Hepatitis,22,0.54,"Nephritis, Nephrotic Syndrome And Nephrosis",19,0.69,Certain Conditions Originating In The Perinatal Period,21,0.61,Pneumonitis Due To Solids And Liquids,28,0.57,"Nephritis, Nephrotic Syndrome And Nephrosis",22,0.59,Pneumonitis Due To Solids And Liquids,26,0.6,Certain Conditions Originating In The Perinatal Period,17,0.43,Assault (Homicide),64,0.61,"In Situ Neoplasms, Benign Neoplasms And Neoplasms Of Uncertain Or Unknown Beha",52,0.52,"In Situ Neoplasms, Benign Neoplasms And Neoplasms Of Uncertain Or Unknown Beha",67,0.46,"Congenital Malformations, Deformations And Chromosomal Abnormalities",28,0.92,Influenza And Pneumonia,6,0.65,"Nephritis, Nephrotic Syndrome And Nephrosis",9,0.64,§,§,§
2013,16,All other causes (not rankable),"3,503",17.18,All other causes (not rankable),515,18.44,All other causes (not rankable),645,17.09,All other causes (not rankable),651,18.02,All other causes (not rankable),537,15.8,All other causes (not rankable),674,16.69,All other causes (not rankable),417,15.13,All other causes (not rankable),541,15.77,All other causes (not rankable),841,17.14,All other causes (not rankable),670,17.87,All other causes (not rankable),797,18.52,All other causes (not rankable),608,15.26,All other causes (not rankable),"1,644",15.73,All other causes (not rankable),"1,843",18.54,All other causes (not rankable),"2,442",16.63,All other causes (not rankable),562,18.56,All other causes (not rankable),155,16.79,All other causes (not rankable),201,14.35,All other causes (not rankable),24,26.37%
2014,1,Malignant Neoplasms,"4,862",24.57,Diseases Of The Heart,688,25.16,Malignant Neoplasms,863,23.64,Malignant Neoplasms,934,26.44,Malignant Neoplasms,809,24.69,Malignant Neoplasms,925,24.6,Malignant Neoplasms,691,24.44,Diseases Of The Heart,853,24.36,Malignant Neoplasms,"1,126",24.15,Malignant Neoplasms,900,25.68,Malignant Neoplasms,"1,036",24.61,Malignant Neoplasms,954,24.44,Malignant Neoplasms,"2,536",24.87,Malignant Neoplasms,"2,326",24.24,Malignant Neoplasms,"3,330",23.93,Malignant Neoplasms,762,25.03,Diseases Of The Heart,242,24.92,Malignant Neoplasms,460,30.32,Diseases Of The Heart,18,21.69%
2014,2,Diseases Of The Heart,"4,534",22.91,Malignant Neoplasms,639,23.37,Diseases Of The Heart,833,22.82,Diseases Of The Heart,766,21.69,Diseases Of The Heart,737,22.49,Diseases Of The Heart,831,22.1,Diseases Of The Heart,677,23.95,Malignant Neoplasms,845,24.13,Diseases Of The Heart,"1,049",22.5,Diseases Of The Heart,724,20.66,Diseases Of The Heart,986,23.43,Diseases Of The Heart,920,23.57,Diseases Of The Heart,"2,525",24.77,Diseases Of The Heart,"2,009",20.93,Diseases Of The Heart,"3,280",23.58,Diseases Of The Heart,606,19.91,Malignant Neoplasms,235,24.2,Diseases Of The Heart,323,21.29,Malignant Neoplasms,15,18.07%
2014,3,Alzheimer's Disease,"1,311",6.62,Accidents/Unintentional Injuries,192,7.02,Alzheimer's Disease,240,6.57,Alzheimer's Disease,228,6.46,Alzheimer's Disease,278,8.48,Alzheimer's Disease,290,7.71,Alzheimer's Disease,162,5.73,Accidents/Unintentional Injuries,191,5.45,Alzheimer's Disease,309,6.63,Alzheimer's Disease,293,8.36,Accidents/Unintentional Injuries,244,5.8,Alzheimer's Disease,298,7.64,Accidents/Unintentional Injuries,675,6.62,Alzheimer's Disease,899,9.37,Alzheimer's Disease,"1,058",7.6,Accidents/Unintentional Injuries,211,6.93,Accidents/Unintentional Injuries,52,5.36,Cerebrovascular Diseases,126,8.31,Accidents/Unintentional Injuries,7,8.43%
2014,4,Cerebrovascular Diseases,"1,138",5.75,Cerebrovascular Diseases,149,5.45,Accidents/Unintentional Injuries,212,5.81,Cerebrovascular Diseases,216,6.12,Cerebrovascular Diseases,203,6.19,Cerebrovascular Diseases,227,6.04,Cerebrovascular Diseases,144,5.09,Alzheimer's Disease,186,5.31,Chronic Lower Respiratory Diseases,269,5.77,Cerebrovascular Diseases,224,6.39,Cerebrovascular Diseases,242,5.75,Cerebrovascular Diseases,232,5.94,Cerebrovascular Diseases,471,4.62,Cerebrovascular Diseases,667,6.95,Chronic Lower Respiratory Diseases,798,5.74,Cerebrovascular Diseases,165,5.42,Cerebrovascular Diseases,50,5.15,Accidents/Unintentional Injuries,80,5.27,Chronic Lower Respiratory Diseases,7,8.43%
2014,5,Accidents/Unintentional Injuries,"1,074",5.43,Chronic Lower Respiratory Diseases,118,4.32,Chronic Lower Respiratory Diseases,202,5.53,Accidents/Unintentional Injuries,175,4.95,Chronic Lower Respiratory Diseases,166,5.07,Accidents/Unintentional Injuries,199,5.29,Chronic Lower Respiratory Diseases,136,4.81,Cerebrovascular Diseases,184,5.25,Cerebrovascular Diseases,256,5.49,Accidents/Unintentional Injuries,180,5.14,Alzheimer's Disease,225,5.35,Accidents/Unintentional Injuries,201,5.15,Chronic Lower Respiratory Diseases,449,4.4,Chronic Lower Respiratory Diseases,535,5.57,Cerebrovascular Diseases,783,5.63,Alzheimer's Disease,141,4.63,Diabetes Mellitus,47,4.84,Diabetes Mellitus,73,4.81,Diabetes Mellitus,7,8.43%
2014,6,Chronic Lower Respiratory Diseases,984,4.97,Alzheimer's Disease,113,4.13,Cerebrovascular Diseases,199,5.45,Chronic Lower Respiratory Diseases,167,4.73,Accidents/Unintentional Injuries,158,4.82,Chronic Lower Respiratory Diseases,195,5.19,Accidents/Unintentional Injuries,135,4.78,Chronic Lower Respiratory Diseases,160,4.57,Accidents/Unintentional Injuries,255,5.47,Chronic Lower Respiratory Diseases,155,4.42,Chronic Lower Respiratory Diseases,199,4.73,Chronic Lower Respiratory Diseases,201,5.15,Alzheimer's Disease,412,4.04,Accidents/Unintentional Injuries,399,4.16,Accidents/Unintentional Injuries,709,5.1,Diabetes Mellitus,136,4.47,Chronic Lower Respiratory Diseases,40,4.12,Alzheimer's Disease,65,4.28,Alzheimer's Disease,5,6.02%
2014,7,Diabetes Mellitus,582,2.94,Diabetes Mellitus,109,3.99,Diabetes Mellitus,127,3.48,Diabetes Mellitus,91,2.58,Intentional Self-Harm (Suicide),84,2.56,Diabetes Mellitus,88,2.34,Diabetes Mellitus,100,3.54,Diabetes Mellitus,130,3.71,Diabetes Mellitus,160,3.43,Intentional Self-Harm (Suicide),79,2.25,Diabetes Mellitus,134,3.18,Intentional Self-Harm (Suicide),94,2.41,Diabetes Mellitus,344,3.37,Diabetes Mellitus,238,2.48,Diabetes Mellitus,309,2.22,Chronic Liver Disease And Cirrhosis,102,3.35,Alzheimer's Disease,37,3.81,Chronic Lower Respiratory Diseases,51,3.36,§,§,§
2014,8,Intentional Self-Harm (Suicide),405,2.05,Chronic Liver Disease And Cirrhosis,69,2.52,Intentional Self-Harm (Suicide),63,1.73,Intentional Self-Harm (Suicide),87,2.46,Diabetes Mellitus,67,2.04,Intentional Self-Harm (Suicide),79,2.1,Chronic Liver Disease And Cirrhosis,55,1.95,Chronic Liver Disease And Cirrhosis,74,2.11,Intentional Self-Harm (Suicide),86,1.84,Diabetes Mellitus,74,2.11,Intentional Self-Harm (Suicide),98,2.33,Diabetes Mellitus,84,2.15,Intentional Self-Harm (Suicide),311,3.05,Essential Hypertension And Hypertensive Renal Disease,178,1.85,Intentional Self-Harm (Suicide),300,2.16,Chronic Lower Respiratory Diseases,79,2.6,Assault (Homicide),16,1.65,Influenza And Pneumonia,36,2.37,§,§,§
2014,9,Chronic Liver Disease And Cirrhosis,316,1.6,Intentional Self-Harm (Suicide),55,2.01,Chronic Liver Disease And Cirrhosis,58,1.59,Essential Hypertension And Hypertensive Renal Disease,59,1.67,Influenza And Pneumonia,59,1.8,Parkinson's Disease,64,1.7,Influenza And Pneumonia,49,1.73,Essential Hypertension And Hypertensive Renal Disease,58,1.66,Essential Hypertension And Hypertensive Renal Disease,74,1.59,Influenza And Pneumonia,57,1.63,Chronic Liver Disease And Cirrhosis,78,1.85,Influenza And Pneumonia,67,1.72,Chronic Liver Disease And Cirrhosis,215,2.11,Influenza And Pneumonia,155,1.62,Essential Hypertension And Hypertensive Renal Disease,223,1.6,Intentional Self-Harm (Suicide),57,1.87,Essential Hypertension And Hypertensive Renal Disease,15,1.54,Intentional Self-Harm (Suicide),28,1.85,§,§,§
2014,10,Essential Hypertension And Hypertensive Renal Disease,312,1.58,Essential Hypertension And Hypertensive Renal Disease,41,1.5,Essential Hypertension And Hypertensive Renal Disease,55,1.51,Parkinson's Disease,55,1.56,Essential Hypertension And Hypertensive Renal Disease,51,1.56,Essential Hypertension And Hypertensive Renal Disease,59,1.57,Essential Hypertension And Hypertensive Renal Disease,47,1.66,Influenza And Pneumonia,57,1.63,Parkinson's Disease,69,1.48,Parkinson's Disease,57,1.63,Essential Hypertension And Hypertensive Renal Disease,68,1.62,Essential Hypertension And Hypertensive Renal Disease,61,1.56,Parkinson's Disease,161,1.58,Parkinson's Disease,107,1.11,Parkinson's Disease,204,1.47,Influenza And Pneumonia,51,1.68,Intentional Self-Harm (Suicide),12,1.24,Essential Hypertension And Hypertensive Renal Disease,22,1.45,§,§,§
2014,11,Influenza And Pneumonia,298,1.51,Influenza And Pneumonia,35,1.28,Influenza And Pneumonia,50,1.37,Influenza And Pneumonia,50,1.42,Chronic Liver Disease And Cirrhosis,41,1.25,Chronic Liver Disease And Cirrhosis,56,1.49,Parkinson's Disease,37,1.31,Intentional Self-Harm (Suicide),47,1.34,Chronic Liver Disease And Cirrhosis,68,1.46,Essential Hypertension And Hypertensive Renal Disease,51,1.46,Parkinson's Disease,56,1.33,Chronic Liver Disease And Cirrhosis,59,1.51,Influenza And Pneumonia,143,1.4,Chronic Liver Disease And Cirrhosis,101,1.05,Influenza And Pneumonia,193,1.39,Essential Hypertension And Hypertensive Renal Disease,50,1.64,Chronic Liver Disease And Cirrhosis,12,1.24,Parkinson's Disease,12,0.79,§,§,§
2014,12,Parkinson's Disease,268,1.35,Human Immunodeficiency Virus (Hiv) Disease,24,0.88,Parkinson's Disease,50,1.37,Chronic Liver Disease And Cirrhosis,36,1.02,Parkinson's Disease,39,1.19,Influenza And Pneumonia,55,1.46,Intentional Self-Harm (Suicide),36,1.27,Parkinson's Disease,39,1.11,Influenza And Pneumonia,64,1.37,Chronic Liver Disease And Cirrhosis,36,1.03,Influenza And Pneumonia,53,1.26,Parkinson's Disease,47,1.2,Essential Hypertension And Hypertensive Renal Disease,134,1.31,Intentional Self-Harm (Suicide),94,0.98,Chronic Liver Disease And Cirrhosis,185,1.33,Certain Conditions Originating In The Perinatal Period,44,1.45,Influenza And Pneumonia,12,1.24,"Nephritis, Nephrotic Syndrome And Nephrosis",11,0.73,§,§,§
2014,13,Pneumonitis Due To Solids And Liquids,134,0.68,Parkinson's Disease,23,0.84,Pneumonitis Due To Solids And Liquids,24,0.66,Pneumonitis Due To Solids And Liquids,24,0.68,Pneumonitis Due To Solids And Liquids,24,0.73,Pneumonitis Due To Solids And Liquids,26,0.69,Viral Hepatitis,27,0.96,Viral Hepatitis,33,0.94,Pneumonitis Due To Solids And Liquids,33,0.71,Pneumonitis Due To Solids And Liquids,26,0.74,Pneumonitis Due To Solids And Liquids,28,0.67,"Nephritis, Nephrotic Syndrome And Nephrosis",25,0.64,Viral Hepatitis,84,0.82,Pneumonitis Due To Solids And Liquids,57,0.59,Pneumonitis Due To Solids And Liquids,117,0.84,Parkinson's Disease,41,1.35,Viral Hepatitis,12,1.24,Chronic Liver Disease And Cirrhosis,11,0.73,§,§,§
2014,14,Viral Hepatitis,117,0.59,Viral Hepatitis,22,0.8,Viral Hepatitis,20,0.55,Septicemia,23,0.65,"In Situ Neoplasms, Benign Neoplasms And Neoplasms Of Uncertain Or Unknown Beha",21,0.64,"Nephritis, Nephrotic Syndrome And Nephrosis",25,0.66,"Nephritis, Nephrotic Syndrome And Nephrosis",23,0.81,Certain Conditions Originating In The Perinatal Period,31,0.89,Viral Hepatitis,24,0.51,"Nephritis, Nephrotic Syndrome And Nephrosis",24,0.68,Septicemia,28,0.67,Pneumonitis Due To Solids And Liquids,24,0.61,Pneumonitis Due To Solids And Liquids,77,0.76,"Nephritis, Nephrotic Syndrome And Nephrosis",50,0.52,Septicemia,68,0.49,Viral Hepatitis,35,1.15,Certain Conditions Originating In The Perinatal Period,11,1.13,Septicemia,9,0.59,§,§,§
2014,15,"Nephritis, Nephrotic Syndrome And Nephrosis",110,0.56,Certain Conditions Originating In The Perinatal Period,19,0.69,Certain Conditions Originating In The Perinatal Period,19,0.52,Certain Conditions Originating In The Perinatal Period,16,0.45,Certain Conditions Originating In The Perinatal Period,19,0.58,Viral Hepatitis,20,0.53,Certain Conditions Originating In The Perinatal Period,22,0.78,"Nephritis, Nephrotic Syndrome And Nephrosis",27,0.77,Certain Conditions Originating In The Perinatal Period,22,0.47,Aortic Aneurysm And Dissection,20,0.57,Viral Hepatitis,23,0.55,Certain Conditions Originating In The Perinatal Period,24,0.61,Assault (Homicide),65,0.64,Septicemia,47,0.49,"In Situ Neoplasms, Benign Neoplasms And Neoplasms Of Uncertain Or Unknown Beha",65,0.47,"Nephritis, Nephrotic Syndrome And Nephrosis",31,1.02,Human Immunodeficiency Virus (Hiv) Disease,10,1.03,Assault (Homicide),8,0.53,§,§,§
2014,16,All other causes (not rankable),"3,347",16.91,All other causes (not rankable),438,16.02,All other causes (not rankable),636,17.42,All other causes (not rankable),605,17.13,All other causes (not rankable),521,15.9,All other causes (not rankable),621,16.52,All other causes (not rankable),486,17.19,All other causes (not rankable),587,16.76,All other causes (not rankable),798,17.12,All other causes (not rankable),605,17.26,All other causes (not rankable),711,16.89,All other causes (not rankable),612,15.68,All other causes (not rankable),"1,593",15.63,All other causes (not rankable),"1,735",18.08,All other causes (not rankable),"2,291",16.47,All other causes (not rankable),533,17.51,All other causes (not rankable),168,17.3,All other causes (not rankable),202,13.32,All other causes (not rankable),24,28.92%
2015,1,Malignant Neoplasms,"5,028",24.29,Diseases Of The Heart,662,23.81,Malignant Neoplasms,921,24.05,Malignant Neoplasms,938,25.72,Malignant Neoplasms,907,25.69,Malignant Neoplasms,926,23.06,Diseases Of The Heart,688,23.91,Diseases Of The Heart,842,23.85,Malignant Neoplasms,"1,168",23.81,Malignant Neoplasms,933,24.75,Malignant Neoplasms,"1,036",24.17,Malignant Neoplasms,"1,049",25.05,Malignant Neoplasms,"2,644",25.11,Malignant Neoplasms,"2,384",23.43,Malignant Neoplasms,"3,476",23.89,Malignant Neoplasms,765,23.91,Malignant Neoplasms,243,24.65,Malignant Neoplasms,461,29.82,Malignant Neoplasms,21,21.00%
2015,2,Diseases Of The Heart,"4,713",22.76,Malignant Neoplasms,646,23.24,Diseases Of The Heart,891,23.27,Diseases Of The Heart,793,21.74,Diseases Of The Heart,798,22.6,Diseases Of The Heart,880,21.91,Malignant Neoplasms,687,23.88,Malignant Neoplasms,839,23.76,Diseases Of The Heart,"1,135",23.14,Diseases Of The Heart,805,21.35,Diseases Of The Heart,980,22.86,Diseases Of The Heart,950,22.69,Diseases Of The Heart,"2,471",23.47,Diseases Of The Heart,"2,242",22.04,Diseases Of The Heart,"3,465",23.81,Diseases Of The Heart,612,19.13,Diseases Of The Heart,225,22.82,Diseases Of The Heart,330,21.35,Diseases Of The Heart,17,17.00%
2015,3,Alzheimer's Disease,"1,400",6.76,Accidents/Unintentional Injuries,165,5.94,Chronic Lower Respiratory Diseases,220,5.75,Alzheimer's Disease,254,6.96,Alzheimer's Disease,306,8.67,Alzheimer's Disease,338,8.42,Alzheimer's Disease,168,5.84,Cerebrovascular Diseases,206,5.83,Alzheimer's Disease,291,5.93,Alzheimer's Disease,339,8.99,Alzheimer's Disease,255,5.95,Alzheimer's Disease,323,7.71,Accidents/Unintentional Injuries,659,6.26,Alzheimer's Disease,912,8.96,Alzheimer's Disease,"1,131",7.77,Accidents/Unintentional Injuries,219,6.84,Diabetes Mellitus,61,6.19,Cerebrovascular Diseases,128,8.28,Diabetes Mellitus,10,10.00%
2015,4,Cerebrovascular Diseases,"1,163",5.62,Cerebrovascular Diseases,149,5.36,Alzheimer's Disease,201,5.25,Cerebrovascular Diseases,216,5.92,Cerebrovascular Diseases,205,5.81,Cerebrovascular Diseases,241,6,Cerebrovascular Diseases,155,5.39,Alzheimer's Disease,192,5.44,Chronic Lower Respiratory Diseases,278,5.67,Cerebrovascular Diseases,227,6.02,Accidents/Unintentional Injuries,229,5.34,Cerebrovascular Diseases,255,6.09,Alzheimer's Disease,488,4.63,Cerebrovascular Diseases,681,6.69,Chronic Lower Respiratory Diseases,806,5.54,Diabetes Mellitus,202,6.31,Cerebrovascular Diseases,57,5.78,Alzheimer's Disease,65,4.2,Chronic Liver Disease And Cirrhosis,9,9.00%
2015,5,Accidents/Unintentional Injuries,"1,035",5,Alzheimer's Disease,133,4.78,Cerebrovascular Diseases,196,5.12,Accidents/Unintentional Injuries,186,5.1,Accidents/Unintentional Injuries,166,4.7,Accidents/Unintentional Injuries,210,5.23,Diabetes Mellitus,150,5.21,Diabetes Mellitus,192,5.44,Cerebrovascular Diseases,251,5.12,Chronic Lower Respiratory Diseases,181,4.8,Cerebrovascular Diseases,223,5.2,Accidents/Unintentional Injuries,216,5.16,Cerebrovascular Diseases,482,4.58,Chronic Lower Respiratory Diseases,559,5.49,Cerebrovascular Diseases,777,5.34,Cerebrovascular Diseases,181,5.66,Accidents/Unintentional Injuries,42,4.26,Accidents/Unintentional Injuries,63,4.08,Accidents/Unintentional Injuries,8,8.00%
2015,6,Chronic Lower Respiratory Diseases,995,4.81,Diabetes Mellitus,121,4.35,Accidents/Unintentional Injuries,178,4.65,Chronic Lower Respiratory Diseases,163,4.47,Chronic Lower Respiratory Diseases,156,4.42,Chronic Lower Respiratory Diseases,203,5.05,Chronic Lower Respiratory Diseases,140,4.87,Accidents/Unintentional Injuries,169,4.79,Accidents/Unintentional Injuries,243,4.95,Accidents/Unintentional Injuries,168,4.46,Chronic Lower Respiratory Diseases,198,4.62,Chronic Lower Respiratory Diseases,182,4.35,Chronic Lower Respiratory Diseases,436,4.14,Accidents/Unintentional Injuries,376,3.7,Accidents/Unintentional Injuries,680,4.67,Alzheimer's Disease,151,4.72,Alzheimer's Disease,37,3.75,Diabetes Mellitus,62,4.01,Cerebrovascular Diseases,6,6.00%
2015,7,Diabetes Mellitus,709,3.42,Chronic Lower Respiratory Diseases,112,4.03,Diabetes Mellitus,135,3.53,Diabetes Mellitus,95,2.6,Intentional Self-Harm (Suicide),92,2.61,Diabetes Mellitus,117,2.91,Accidents/Unintentional Injuries,120,4.17,Chronic Lower Respiratory Diseases,155,4.39,Diabetes Mellitus,157,3.2,Diabetes Mellitus,89,2.36,Diabetes Mellitus,144,3.36,Diabetes Mellitus,126,3.01,Diabetes Mellitus,388,3.69,Diabetes Mellitus,321,3.16,Diabetes Mellitus,355,2.44,Chronic Liver Disease And Cirrhosis,106,3.31,Chronic Lower Respiratory Diseases,31,3.14,Chronic Lower Respiratory Diseases,46,2.98,§,§,§
2015,8,Intentional Self-Harm (Suicide),409,1.98,Chronic Liver Disease And Cirrhosis,66,2.37,Essential Hypertension And Hypertensive Renal Disease,88,2.3,Intentional Self-Harm (Suicide),81,2.22,Diabetes Mellitus,90,2.55,Chronic Liver Disease And Cirrhosis,79,1.97,Chronic Liver Disease And Cirrhosis,62,2.16,Chronic Liver Disease And Cirrhosis,77,2.18,Essential Hypertension And Hypertensive Renal Disease,113,2.3,Intentional Self-Harm (Suicide),80,2.12,Intentional Self-Harm (Suicide),91,2.12,Intentional Self-Harm (Suicide),102,2.44,Intentional Self-Harm (Suicide),307,2.92,Essential Hypertension And Hypertensive Renal Disease,223,2.19,Intentional Self-Harm (Suicide),305,2.1,Chronic Lower Respiratory Diseases,83,2.59,Essential Hypertension And Hypertensive Renal Disease,25,2.54,Influenza And Pneumonia,35,2.26,§,§,§
2015,9,Chronic Liver Disease And Cirrhosis,387,1.87,Intentional Self-Harm (Suicide),55,1.98,Chronic Liver Disease And Cirrhosis,75,1.96,Essential Hypertension And Hypertensive Renal Disease,70,1.92,Essential Hypertension And Hypertensive Renal Disease,57,1.61,Intentional Self-Harm (Suicide),74,1.84,Influenza And Pneumonia,57,1.98,Influenza And Pneumonia,71,2.01,Chronic Liver Disease And Cirrhosis,93,1.9,Chronic Liver Disease And Cirrhosis,72,1.91,Essential Hypertension And Hypertensive Renal Disease,81,1.89,Essential Hypertension And Hypertensive Renal Disease,70,1.67,Chronic Liver Disease And Cirrhosis,239,2.27,Influenza And Pneumonia,176,1.73,Essential Hypertension And Hypertensive Renal Disease,263,1.81,Essential Hypertension And Hypertensive Renal Disease,60,1.88,Chronic Liver Disease And Cirrhosis,17,1.72,Essential Hypertension And Hypertensive Renal Disease,31,2.01,§,§,§
2015,10,Essential Hypertension And Hypertensive Renal Disease,383,1.85,Essential Hypertension And Hypertensive Renal Disease,53,1.91,Intentional Self-Harm (Suicide),67,1.75,Influenza And Pneumonia,66,1.81,Influenza And Pneumonia,52,1.47,Influenza And Pneumonia,63,1.57,Essential Hypertension And Hypertensive Renal Disease,53,1.84,Essential Hypertension And Hypertensive Renal Disease,66,1.87,Intentional Self-Harm (Suicide),90,1.83,Influenza And Pneumonia,63,1.67,Chronic Liver Disease And Cirrhosis,79,1.84,Chronic Liver Disease And Cirrhosis,66,1.58,Parkinson's Disease,177,1.68,Chronic Liver Disease And Cirrhosis,148,1.45,Influenza And Pneumonia,234,1.61,Influenza And Pneumonia,56,1.75,Assault (Homicide),16,1.62,Intentional Self-Harm (Suicide),27,1.75,§,§,§
2015,11,Influenza And Pneumonia,343,1.66,Influenza And Pneumonia,52,1.87,Influenza And Pneumonia,53,1.38,Parkinson's Disease,57,1.56,Chronic Liver Disease And Cirrhosis,50,1.42,Essential Hypertension And Hypertensive Renal Disease,62,1.54,Intentional Self-Harm (Suicide),39,1.36,Intentional Self-Harm (Suicide),45,1.27,Influenza And Pneumonia,75,1.53,Essential Hypertension And Hypertensive Renal Disease,53,1.41,Influenza And Pneumonia,79,1.84,Influenza And Pneumonia,55,1.31,Influenza And Pneumonia,167,1.59,Intentional Self-Harm (Suicide),102,1,Chronic Liver Disease And Cirrhosis,230,1.58,Intentional Self-Harm (Suicide),51,1.59,Intentional Self-Harm (Suicide),16,1.62,Parkinson's Disease,23,1.49,§,§,§
2015,12,Parkinson's Disease,269,1.3,Septicemia,26,0.94,Parkinson's Disease,53,1.38,Chronic Liver Disease And Cirrhosis,55,1.51,Parkinson's Disease,49,1.39,Parkinson's Disease,52,1.29,Parkinson's Disease,35,1.22,Parkinson's Disease,39,1.1,Parkinson's Disease,73,1.49,Parkinson's Disease,52,1.38,Parkinson's Disease,52,1.21,Parkinson's Disease,53,1.27,Essential Hypertension And Hypertensive Renal Disease,160,1.52,Parkinson's Disease,92,0.9,Parkinson's Disease,207,1.42,Certain Conditions Originating In The Perinatal Period,44,1.38,Influenza And Pneumonia,14,1.42,Chronic Liver Disease And Cirrhosis,16,1.03,§,§,§
2015,13,Pneumonitis Due To Solids And Liquids,185,0.89,Pneumonitis Due To Solids And Liquids,24,0.86,Pneumonitis Due To Solids And Liquids,32,0.84,Pneumonitis Due To Solids And Liquids,38,1.04,Pneumonitis Due To Solids And Liquids,45,1.27,Atherosclerosis,32,0.8,Pneumonitis Due To Solids And Liquids,25,0.87,Pneumonitis Due To Solids And Liquids,31,0.88,Pneumonitis Due To Solids And Liquids,41,0.84,Pneumonitis Due To Solids And Liquids,29,0.77,Pneumonitis Due To Solids And Liquids,43,1,Pneumonitis Due To Solids And Liquids,41,0.98,Pneumonitis Due To Solids And Liquids,112,1.06,Pneumonitis Due To Solids And Liquids,73,0.72,Pneumonitis Due To Solids And Liquids,130,0.89,Pneumonitis Due To Solids And Liquids,31,0.97,Septicemia,12,1.22,Pneumonitis Due To Solids And Liquids,14,0.91,§,§,§
2015,14,Septicemia,113,0.55,Viral Hepatitis,24,0.86,"Congenital Malformations, Deformations And Chromosomal Abnormalities",22,0.57,Septicemia,26,0.71,Aortic Aneurysm And Dissection,22,0.62,Pneumonitis Due To Solids And Liquids,21,0.52,Septicemia,22,0.76,Septicemia,27,0.76,Septicemia,27,0.55,Atherosclerosis,23,0.61,Septicemia,35,0.82,"In Situ Neoplasms, Benign Neoplasms And Neoplasms Of Uncertain Or Unknown Behavior",24,0.57,Septicemia,61,0.58,Septicemia,52,0.51,"In Situ Neoplasms, Benign Neoplasms And Neoplasms Of Uncertain Or Unknown Behavior",72,0.49,Parkinson's Disease,30,0.94,Certain Conditions Originating In The Perinatal Period,9,0.91,"Nephritis, Nephrotic Syndrome And Nephrosis",12,0.78,§,§,§
2015,15,"In Situ Neoplasms, Benign Neoplasms And Neoplasms Of Uncertain Or Unknown Behavior",102,0.49,Parkinson's Disease,23,0.83,Septicemia,20,0.52,"In Situ Neoplasms, Benign Neoplasms And Neoplasms Of Uncertain Or Unknown Behavior",17,0.47,"In Situ Neoplasms, Benign Neoplasms And Neoplasms Of Uncertain Or Unknown Behavior",18,0.51,"Nephritis, Nephrotic Syndrome And Nephrosis",21,0.52,Certain Conditions Originating In The Perinatal Period,21,0.73,Certain Conditions Originating In The Perinatal Period,24,0.68,"Congenital Malformations, Deformations And Chromosomal Abnormalities",27,0.55,"Nephritis, Nephrotic Syndrome And Nephrosis",20,0.53,Viral Hepatitis,30,0.7,Aortic Aneurysm And Dissection,23,0.55,Assault (Homicide),61,0.58,"In Situ Neoplasms, Benign Neoplasms And Neoplasms Of Uncertain Or Unknown Behavior",49,0.48,"Nephritis, Nephrotic Syndrome And Nephrosis",61,0.42,Septicemia,27,0.84,Human Immunodeficiency Virus (Hiv) Disease,9,0.91,Septicemia,10,0.65,§,§,§
2015,16,All other causes (not rankable),"3,469",16.76,All other causes (not rankable),469,16.87,All other causes (not rankable),677,17.68,All other causes (not rankable),592,16.23,All other causes (not rankable),518,14.67,All other causes (not rankable),697,17.36,All other causes (not rankable),455,15.82,All other causes (not rankable),556,15.75,All other causes (not rankable),843,17.19,All other causes (not rankable),636,16.87,All other causes (not rankable),732,17.07,All other causes (not rankable),652,15.57,All other causes (not rankable),"1,677",15.93,All other causes (not rankable),"1,783",17.53,All other causes (not rankable),"2,358",16.21,All other causes (not rankable),582,18.19,All other causes (not rankable),172,17.44,All other causes (not rankable),223,14.42,All other causes (not rankable),29,29.00%
2016,1,Malignant Neoplasms,"5,096",24.06,Malignant Neoplasms,647,22.63,Malignant Neoplasms,977,24.1,Malignant Neoplasms,922,25.23,Diseases Of The Heart,817,23.74,Malignant Neoplasms,"1,005",24.42,Malignant Neoplasms,746,24.52,Malignant Neoplasms,896,24.31,Malignant Neoplasms,"1,250",24.32,Malignant Neoplasms,945,24.9,Malignant Neoplasms,"1,004",23.1,Diseases Of The Heart,"1,010",24.03,Malignant Neoplasms,"2,589",24.04,Malignant Neoplasms,"2,507",24.08,Diseases Of The Heart,"3,494",23.89,Malignant Neoplasms,890,25.8,Diseases Of The Heart,251,25.28,Malignant Neoplasms,442,26.98,Diseases Of The Heart,24,22.43%
2016,2,Diseases Of The Heart,"4,808",22.7,Diseases Of The Heart,624,21.83,Diseases Of The Heart,929,22.92,Diseases Of The Heart,815,22.3,Malignant Neoplasms,799,23.21,Diseases Of The Heart,932,22.64,Diseases Of The Heart,686,22.54,Diseases Of The Heart,822,22.31,Diseases Of The Heart,"1,195",23.25,Diseases Of The Heart,818,21.55,Diseases Of The Heart,958,22.04,Malignant Neoplasms,"1,001",23.82,Diseases Of The Heart,"2,586",24.01,Diseases Of The Heart,"2,222",21.34,Malignant Neoplasms,"3,460",23.66,Diseases Of The Heart,626,18.14,Malignant Neoplasms,213,21.45,Diseases Of The Heart,342,20.88,Malignant Neoplasms,20,18.69%
2016,3,Alzheimer's Disease,"1,403",6.62,Accidents/Unintentional Injuries,182,6.37,Cerebrovascular Diseases,254,6.27,Alzheimer's Disease,274,7.5,Alzheimer's Disease,280,8.13,Alzheimer's Disease,339,8.24,Cerebrovascular Diseases,212,6.97,Cerebrovascular Diseases,252,6.84,Cerebrovascular Diseases,313,6.09,Alzheimer's Disease,318,8.38,Alzheimer's Disease,280,6.44,Alzheimer's Disease,310,7.38,Accidents/Unintentional Injuries,699,6.49,Alzheimer's Disease,959,9.21,Alzheimer's Disease,"1,108",7.58,Cerebrovascular Diseases,219,6.35,Accidents/Unintentional Injuries,62,6.24,Cerebrovascular Diseases,162,9.89,Accidents/Unintentional Injuries,11,10.28%
2016,4,Cerebrovascular Diseases,"1,363",6.43,Cerebrovascular Diseases,174,6.09,Chronic Lower Respiratory Diseases,230,5.67,Cerebrovascular Diseases,241,6.59,Cerebrovascular Diseases,237,6.89,Cerebrovascular Diseases,244,5.93,Alzheimer's Disease,173,5.69,Alzheimer's Disease,196,5.32,Alzheimer's Disease,299,5.82,Cerebrovascular Diseases,241,6.35,Cerebrovascular Diseases,274,6.3,Cerebrovascular Diseases,282,6.71,Cerebrovascular Diseases,579,5.38,Cerebrovascular Diseases,784,7.53,Cerebrovascular Diseases,906,6.2,Diabetes Mellitus,215,6.23,Diabetes Mellitus,58,5.84,Diabetes Mellitus,94,5.74,Diabetes Mellitus,9,8.41%
2016,5,Accidents/Unintentional Injuries,"1,071",5.06,Diabetes Mellitus,146,5.11,Accidents/Unintentional Injuries,220,5.43,Accidents/Unintentional Injuries,170,4.65,Chronic Lower Respiratory Diseases,183,5.32,Chronic Lower Respiratory Diseases,212,5.15,Diabetes Mellitus,147,4.83,Diabetes Mellitus,191,5.18,Chronic Lower Respiratory Diseases,290,5.64,Accidents/Unintentional Injuries,179,4.72,Accidents/Unintentional Injuries,239,5.5,Chronic Lower Respiratory Diseases,222,5.28,Chronic Lower Respiratory Diseases,485,4.5,Chronic Lower Respiratory Diseases,542,5.21,Chronic Lower Respiratory Diseases,818,5.59,Accidents/Unintentional Injuries,207,6,Cerebrovascular Diseases,55,5.54,Alzheimer's Disease,76,4.64,Chronic Liver Disease And Cirrhosis,6,5.61%
2016,6,Chronic Lower Respiratory Diseases,"1,027",4.85,Alzheimer's Disease,130,4.55,Alzheimer's Disease,207,5.11,Chronic Lower Respiratory Diseases,138,3.78,Accidents/Unintentional Injuries,175,5.08,Accidents/Unintentional Injuries,198,4.81,Chronic Lower Respiratory Diseases,134,4.4,Accidents/Unintentional Injuries,168,4.56,Accidents/Unintentional Injuries,267,5.19,Chronic Lower Respiratory Diseases,166,4.37,Chronic Lower Respiratory Diseases,182,4.19,Accidents/Unintentional Injuries,215,5.12,Alzheimer's Disease,444,4.12,Accidents/Unintentional Injuries,372,3.57,Accidents/Unintentional Injuries,690,4.72,Alzheimer's Disease,166,4.81,Chronic Lower Respiratory Diseases,45,4.53,Accidents/Unintentional Injuries,75,4.58,Chronic Lower Respiratory Diseases,6,5.61%
2016,7,Diabetes Mellitus,734,3.46,Chronic Lower Respiratory Diseases,130,4.55,Diabetes Mellitus,143,3.53,Diabetes Mellitus,87,2.38,Diabetes Mellitus,80,2.32,Diabetes Mellitus,131,3.18,Accidents/Unintentional Injuries,123,4.04,Chronic Lower Respiratory Diseases,167,4.53,Diabetes Mellitus,180,3.5,Diabetes Mellitus,108,2.85,Diabetes Mellitus,144,3.31,Diabetes Mellitus,111,2.64,Diabetes Mellitus,414,3.84,Diabetes Mellitus,320,3.07,Diabetes Mellitus,345,2.36,Chronic Liver Disease And Cirrhosis,117,3.39,Alzheimer's Disease,34,3.42,Chronic Lower Respiratory Diseases,55,3.36,§,§,§
2016,8,Chronic Liver Disease And Cirrhosis,412,1.94,Intentional Self-Harm (Suicide),80,2.8,Chronic Liver Disease And Cirrhosis,95,2.34,Intentional Self-Harm (Suicide),81,2.22,Intentional Self-Harm (Suicide),77,2.24,Parkinson's Disease,78,1.9,Essential Hypertension And Hypertensive Renal Disease,85,2.79,Essential Hypertension And Hypertensive Renal Disease,93,2.52,Chronic Liver Disease And Cirrhosis,111,2.16,Parkinson's Disease,75,1.98,Intentional Self-Harm (Suicide),117,2.69,Intentional Self-Harm (Suicide),91,2.17,Intentional Self-Harm (Suicide),305,2.83,Essential Hypertension And Hypertensive Renal Disease,217,2.08,Intentional Self-Harm (Suicide),285,1.95,Chronic Lower Respiratory Diseases,79,2.29,Assault (Homicide),27,2.72,Influenza And Pneumonia,41,2.5,§,§,§
2016,9,Intentional Self-Harm (Suicide),407,1.92,Influenza And Pneumonia,60,2.1,Essential Hypertension And Hypertensive Renal Disease,83,2.05,Chronic Liver Disease And Cirrhosis,70,1.92,Parkinson's Disease,66,1.92,Essential Hypertension And Hypertensive Renal Disease,72,1.75,Chronic Liver Disease And Cirrhosis,71,2.33,Chronic Liver Disease And Cirrhosis,84,2.28,Essential Hypertension And Hypertensive Renal Disease,100,1.95,Essential Hypertension And Hypertensive Renal Disease,69,1.82,Chronic Liver Disease And Cirrhosis,89,2.05,Parkinson's Disease,74,1.76,Chronic Liver Disease And Cirrhosis,235,2.18,Influenza And Pneumonia,178,1.71,Essential Hypertension And Hypertensive Renal Disease,272,1.86,Essential Hypertension And Hypertensive Renal Disease,64,1.86,Essential Hypertension And Hypertensive Renal Disease,26,2.62,Intentional Self-Harm (Suicide),32,1.95,§,§,§
2016,10,Essential Hypertension And Hypertensive Renal Disease,400,1.89,Chronic Liver Disease And Cirrhosis,53,1.85,Intentional Self-Harm (Suicide),74,1.83,Essential Hypertension And Hypertensive Renal Disease,66,1.81,Chronic Liver Disease And Cirrhosis,58,1.69,Chronic Liver Disease And Cirrhosis,65,1.58,Influenza And Pneumonia,58,1.91,Influenza And Pneumonia,71,1.93,Intentional Self-Harm (Suicide),91,1.77,Chronic Liver Disease And Cirrhosis,63,1.66,Essential Hypertension And Hypertensive Renal Disease,86,1.98,Chronic Liver Disease And Cirrhosis,65,1.55,Parkinson's Disease,202,1.88,Chronic Liver Disease And Cirrhosis,177,1.7,Chronic Liver Disease And Cirrhosis,251,1.72,Intentional Self-Harm (Suicide),58,1.68,Intentional Self-Harm (Suicide),18,1.81,Essential Hypertension And Hypertensive Renal Disease,31,1.89,§,§,§
2016,11,Influenza And Pneumonia,359,1.69,Essential Hypertension And Hypertensive Renal Disease,52,1.82,Influenza And Pneumonia,65,1.6,Influenza And Pneumonia,63,1.72,Influenza And Pneumonia,53,1.54,Influenza And Pneumonia,60,1.46,Intentional Self-Harm (Suicide),41,1.35,Intentional Self-Harm (Suicide),55,1.49,Influenza And Pneumonia,79,1.54,Influenza And Pneumonia,61,1.61,Influenza And Pneumonia,83,1.91,Influenza And Pneumonia,65,1.55,Essential Hypertension And Hypertensive Renal Disease,183,1.7,Parkinson's Disease,117,1.12,Parkinson's Disease,251,1.72,Influenza And Pneumonia,56,1.62,Chronic Liver Disease And Cirrhosis,12,1.21,Parkinson's Disease,22,1.34,§,§,§
2016,12,Parkinson's Disease,319,1.51,Parkinson's Disease,30,1.05,Parkinson's Disease,61,1.5,Parkinson's Disease,49,1.34,Essential Hypertension And Hypertensive Renal Disease,42,1.22,Intentional Self-Harm (Suicide),53,1.29,Parkinson's Disease,35,1.15,Parkinson's Disease,36,0.98,Parkinson's Disease,77,1.5,Intentional Self-Harm (Suicide),52,1.37,Parkinson's Disease,57,1.31,Essential Hypertension And Hypertensive Renal Disease,52,1.24,Influenza And Pneumonia,181,1.68,Intentional Self-Harm (Suicide),102,0.98,Influenza And Pneumonia,239,1.63,Certain Conditions Originating In The Perinatal Period,41,1.19,Parkinson's Disease,9,0.91,Pneumonitis Due To Solids And Liquids,17,1.04,§,§,§
2016,13,Pneumonitis Due To Solids And Liquids,182,0.86,Human Immunodeficiency Virus (HIV) Disease,28,0.98,Pneumonitis Due To Solids And Liquids,29,0.72,Pneumonitis Due To Solids And Liquids,38,1.04,Pneumonitis Due To Solids And Liquids,31,0.9,Pneumonitis Due To Solids And Liquids,35,0.85,Pneumonitis Due To Solids And Liquids,30,0.99,Pneumonitis Due To Solids And Liquids,35,0.95,Pneumonitis Due To Solids And Liquids,33,0.64,Pneumonitis Due To Solids And Liquids,37,0.97,Pneumonitis Due To Solids And Liquids,37,0.85,Pneumonitis Due To Solids And Liquids,40,0.95,Pneumonitis Due To Solids And Liquids,96,0.89,Pneumonitis Due To Solids And Liquids,86,0.83,Pneumonitis Due To Solids And Liquids,131,0.9,Assault (Homicide),34,0.99,Certain Conditions Originating In The Perinatal Period,8,0.81,Chronic Liver Disease And Cirrhosis,16,0.98,§,§,§
2016,14,"In Situ Neoplasms, Benign Neoplasms And Neoplasms Of Uncertain Or Unknown Behavior",124,0.59,Assault (Homicide),26,0.91,"Congenital Malformations, Deformations And Chromosomal Abnormalities",24,0.59,"In Situ Neoplasms, Benign Neoplasms And Neoplasms Of Uncertain Or Unknown Behavior",24,0.66,"In Situ Neoplasms, Benign Neoplasms And Neoplasms Of Uncertain Or Unknown Behavior",24,0.7,Atherosclerosis,26,0.63,Certain Conditions Originating In The Perinatal Period,21,0.69,Viral Hepatitis,22,0.6,"Congenital Malformations, Deformations And Chromosomal Abnormalities",28,0.54,"In Situ Neoplasms, Benign Neoplasms And Neoplasms Of Uncertain Or Unknown Behavior",29,0.76,Septicemia,34,0.78,"In Situ Neoplasms, Benign Neoplasms And Neoplasms Of Uncertain Or Unknown Behavior",23,0.55,Assault (Homicide),77,0.71,"In Situ Neoplasms, Benign Neoplasms And Neoplasms Of Uncertain Or Unknown Behavior",71,0.68,"In Situ Neoplasms, Benign Neoplasms And Neoplasms Of Uncertain Or Unknown Behavior",95,0.65,"Congenital Malformations, Deformations And Chromosomal Abnormalities",34,0.99,Influenza And Pneumonia,8,0.81,Aortic Aneurysm And Dissection,10,0.61,§,§,§
2016,15,"Congenital Malformations, Deformations And Chromosomal Abnormalities",101,0.48,Septicemia,21,0.73,Assault (Homicide),23,0.57,Septicemia,20,0.55,Aortic Aneurysm And Dissection,20,0.58,"In Situ Neoplasms, Benign Neoplasms And Neoplasms Of Uncertain Or Unknown Behavior",24,0.58,"In Situ Neoplasms, Benign Neoplasms And Neoplasms Of Uncertain Or Unknown Behavior",18,0.59,Certain Conditions Originating In The Perinatal Period,22,0.6,Assault (Homicide),26,0.51,"Nephritis, Nephrotic Syndrome And Nephrosis",22,0.58,"In Situ Neoplasms, Benign Neoplasms And Neoplasms Of Uncertain Or Unknown Behavior",32,0.74,Aortic Aneurysm And Dissection,21,0.5,Septicemia,53,0.49,"Congenital Malformations, Deformations And Chromosomal Abnormalities",50,0.48,Aortic Aneurysm And Dissection,65,0.44,Parkinson's Disease,33,0.96,Human Immunodeficiency Virus (HIV) Disease,7,0.7,Septicemia,9,0.55,§,§,§
2016,16,All other causes (not rankable),"3,378",15.95,All other causes (not rankable),476,16.65,All other causes (not rankable),640,15.79,All other causes (not rankable),597,16.33,All other causes (not rankable),500,14.53,All other causes (not rankable),642,15.6,All other causes (not rankable),463,15.22,All other causes (not rankable),575,15.6,All other causes (not rankable),801,15.58,All other causes (not rankable),612,16.13,All other causes (not rankable),730,16.8,All other causes (not rankable),621,14.78,All other causes (not rankable),"1,643",15.25,All other causes (not rankable),"1,709",16.41,All other causes (not rankable),"2,213",15.13,All other causes (not rankable),611,17.71,All other causes (not rankable),160,16.11,All other causes (not rankable),214,13.06,All other causes (not rankable),31,28.97%
